{"settings": {"name": "test", "acceleration": 1, "max_speed": 30, "rotation_speed": 4, "shape": [6, 4, 3, 2], "max_score": 77, "gen_count": 24, "friction": 0.95}, "weights": [[[-0.9649087482153927, -0.22500583946782826, -0.7531132060672678, -0.05399026615551314], [-1.922645679186732, -0.8288932836062896, 0.5724538620052034, 2.136490806793497], [1.3838271493131713, 2.2021719367675288, -0.23332383276200758, -0.7181780729312304], [0.5454974166007618, 0.4457004307409846, 0.0008769211653484876, -0.9399154042926614], [-0.4765666245871001, 0.37224911386818316, 0.9550673311982485, 1.207934205223933], [-0.8166892222933821, -0.5748198820529197, 0.27480958214279716, -1.2732798481202077]], [[-0.39372789310141687, -0.4552059676999453, 0.7229090480017006], [0.6587671574672676, -2.1065990913665997, -1.1647969751112965], [1.3582527316704582, 0.9071893083253403, 0.41107090992919015], [-1.0169523897563129, 1.2416602841553288, -1.0363967443749047]], [[-0.24583164599832438, 1.5947224971372593], [1.0541772812070116, -0.18476951547883314], [-1.0187360488530608, -0.2042843625408956]]]}